{"losses": [14.400019600987434, 11.355808734893799, 7.825666379183531, 10.47512523084879, 8.866533979773521, 7.689936306327581, 6.719895947724581, 7.184714265167713, 7.775811053812504, 7.110085263848305, 7.270034369081259, 6.84281288087368, 6.792031038552523, 7.219879362732172, 7.085607212036848, 7.2931557558476925, 6.308302313089371, 8.3636423535645, 6.9065943993628025, 6.871965873986483], "dice_teeth": [0.9284111106918842, 0.9568789445247028, 0.9438274786075512, 0.9243133758355709, 0.9488983329995092, 0.9554216000805651, 0.950537646684972, 0.9450492742829545, 0.9599026303333559, 0.9619539232612648, 0.9533232879380776, 0.9562077094859864, 0.951975754411914, 0.9493258225306986, 0.9472815889411106, 0.952984296894627, 0.9491026086823613, 0.9522847042259172, 0.959043916787211, 0.9566943435143112], "dice_left": [0.5397100835890382, 0.5083768956536195, 0.44591852395000253, 0.4761512248570079, 0.47365026236424174, 0.5303142177373041, 0.4785151105413806, 0.4612334883376253, 0.5583947749385584, 0.5764033180317307, 0.5103540643566057, 0.4865344240932455, 0.5149561514524366, 0.46233606705444563, 0.4840214528259973, 0.48513103058557605, 0.4742520114325365, 0.4719666425445398, 0.5377582012180578, 0.5103817816476892], "dice_right": [0.4601803693276709, 0.5849880500997322, 0.0, 0.5965338285006904, 0.34124130201279596, 0.5341004434855567, 0.4359069889763089, 0.2930006730122104, 0.675881882614411, 0.6735382424861485, 0.49528595755285126, 0.6045348638972552, 0.5664233576642336, 0.4239810699042438, 0.3986947226285586, 0.5463537200630147, 0.4548026869991576, 0.5148348151037924, 0.6455909204826179, 0.5807529773338456], "avg_dice": [0.6427671878695311, 0.683414630092685, 0.46324866751918464, 0.665666143064423, 0.5879299657921823, 0.6732787537678085, 0.6216532487342205, 0.5664278118775967, 0.7313930959621083, 0.737298494593048, 0.6529877699491782, 0.6824256658254958, 0.6777850878428614, 0.6118809864964626, 0.6099992547985554, 0.661489682514406, 0.6260524357046852, 0.6463620539580831, 0.7141310128292956, 0.6826097008319486], "accuracy": [86.14539396240414, 91.78927878589298, 88.94661930345568, 86.17972015484926, 90.27095154632563, 91.46820753130531, 90.68824015852461, 89.88972277265486, 92.10601592527293, 92.50510125359949, 91.1842363028957, 91.76206054238851, 90.91344078471757, 90.5365461262545, 90.0844112277855, 91.23433867469691, 90.43512783039394, 90.96527680260186, 92.09006638130852, 91.72027967178612]}