{"losses": [22.51148760318756, 11.630216091871262, 10.35919725894928, 7.321405045688152, 7.311467912048101, 7.235661920160055, 6.918621871620417, 7.748319149017334, 7.122281722724438, 8.51681412011385, 8.526011899113655, 6.803504727780819, 7.306803122162819, 6.643336411565542, 6.540510918945074, 6.540631473064423, 7.556339908391237, 6.446367304772139, 6.905888546258211, 6.454786617308855], "dice_teeth": [0.8832406322599735, 0.9372297430969675, 0.9345566618010142, 0.951335169669842, 0.9533922268560949, 0.9565752677432737, 0.9496784094157241, 0.9531181313095125, 0.9506035600917216, 0.9434444751869021, 0.9601655347842433, 0.9495929474719293, 0.958848351572073, 0.9517117998746158, 0.9501260109012307, 0.9589762480767231, 0.9552886035565884, 0.9568952175329888, 0.9526399253196011, 0.9580786295410805], "dice_left": [0.3098122787206765, 0.4430882770366165, 0.28145619549153883, 0.47498923063668474, 0.4646299100383005, 0.49415018081259304, 0.4278182752517082, 0.48873744836112537, 0.4657966249538699, 0.4396391433096894, 0.5157644774929367, 0.47336714203056396, 0.5139967066572572, 0.4714518480404768, 0.47658553650857116, 0.5120303343674595, 0.5416703155559448, 0.5466227560377115, 0.482426510072927, 0.5359348634524336], "dice_right": [0.0, 0.01514812744550028, 0.0, 0.5385368583018604, 0.5111147433801896, 0.6077954586089755, 0.5100520291363163, 0.618560481061856, 0.4892606922513856, 0.05839735352817344, 0.6648812828635814, 0.4278536800352578, 0.6580729120869458, 0.512860324010705, 0.42235421404756124, 0.6929539498315238, 0.6700793742091338, 0.5563356996985316, 0.5484351122313295, 0.6238730881515892], "avg_dice": [0.3976843036602167, 0.46515538252636146, 0.4053376190975177, 0.6549537528694623, 0.643045626758195, 0.6861736357216142, 0.6291829046012496, 0.686805353577498, 0.6352202924323257, 0.48049365734158833, 0.7136037650469205, 0.6169379231792503, 0.7103059901054253, 0.6453413239752659, 0.6163552538191212, 0.7213201774252355, 0.722346097773889, 0.6866178910897439, 0.6611671825412858, 0.7059621937150343], "accuracy": [79.75101374954708, 88.44871614839317, 87.85927648014369, 90.94655342490452, 91.08455165311821, 91.70537031547158, 90.7600131063644, 91.06010724334669, 90.64299199575603, 89.00174924889784, 92.22667769265576, 90.48124281620404, 92.10740284213938, 90.88188842600539, 90.47673533638802, 92.11000331126402, 91.35309343138836, 91.70138292948047, 91.14557599524288, 91.99644949282184]}